iter	Logloss
0	0.6137731323
1	0.5584465214
2	0.5183236646
3	0.4931898807
4	0.4723773404
5	0.4614931224
6	0.4494621713
7	0.4380563585
8	0.4281263735
